MatchID,Date,HomeTeam,AwayTeam,HomeGoals,AwayGoals,Home_xG,Away_xG,Forecast_HomeWin,Forecast_Draw,Forecast_AwayWin
81,2015-08-08 15:45:00,Manchester United,Tottenham,1,0,0.627539,0.6746,0.2859,0.3905,0.3236
82,2015-08-08 18:00:00,Bournemouth,Aston Villa,0,1,0.876106,0.782253,0.3435,0.3607,0.2958
83,2015-08-08 18:00:00,Everton,Watford,2,2,0.604226,0.557892,0.2988,0.4337,0.2675
84,2015-08-08 18:00:00,Leicester,Sunderland,4,2,2.56803,1.45946,0.6422,0.2057,0.1521
85,2015-08-08 18:00:00,Norwich,Crystal Palace,1,3,1.13076,2.10975,0.1461,0.2159,0.638
86,2015-08-08 20:30:00,Chelsea,Swansea,2,2,0.64396,2.59203,0.0304,0.0924,0.8772
87,2015-08-09 16:30:00,Newcastle United,Southampton,2,2,1.54613,1.2529,0.4386,0.3165,0.2449
88,2015-08-09 16:30:00,Arsenal,West Ham,0,2,1.33166,0.535961,0.5751,0.2826,0.1423
89,2015-08-09 19:00:00,Stoke,Liverpool,0,1,0.381274,0.329873,0.2482,0.5454,0.2064
90,2015-08-10 23:00:00,West Bromwich Albion,Manchester City,0,3,0.435238,1.9242,0.0615,0.1698,0.7687
91,2015-08-14 22:45:00,Aston Villa,Manchester United,0,1,0.219118,0.660404,0.1056,0.4653,0.4291
92,2015-08-15 15:45:00,Southampton,Everton,0,3,1.06214,1.39628,0.2536,0.2845,0.4619
93,2015-08-15 18:00:00,Sunderland,Norwich,1,3,0.329128,1.71686,0.051,0.1845,0.7645
94,2015-08-15 18:00:00,Swansea,Newcastle United,2,0,1.97424,0.113109,0.9165,0.0772,0.0063
95,2015-08-15 18:00:00,Tottenham,Stoke,2,2,1.70614,2.80956,0.1614,0.1925,0.6461
96,2015-08-15 18:00:00,Watford,West Bromwich Albion,0,0,0.760848,0.684036,0.3286,0.3819,0.2895
97,2015-08-15 18:00:00,West Ham,Leicester,1,2,0.513491,1.80939,0.0482,0.171,0.7808
98,2015-08-16 16:30:00,Crystal Palace,Arsenal,1,2,0.964134,2.05542,0.1303,0.2113,0.6584
99,2015-08-16 19:00:00,Manchester City,Chelsea,3,0,2.18579,0.482423,0.8142,0.1391,0.0467
100,2015-08-17 23:00:00,Liverpool,Bournemouth,1,0,2.15062,0.460805,0.8133,0.1411,0.0456
101,2015-08-22 15:45:00,Manchester United,Newcastle United,0,0,1.2491,0.4384,0.5889,0.292,0.1191
102,2015-08-22 18:00:00,Norwich,Stoke,1,1,3.14888,0.698228,0.9013,0.074,0.0247
103,2015-08-22 18:00:00,Sunderland,Swansea,1,1,0.569426,1.56064,0.1219,0.2431,0.635
104,2015-08-22 18:00:00,Crystal Palace,Aston Villa,2,1,1.23807,0.765278,0.4747,0.3079,0.2174
105,2015-08-22 18:00:00,Leicester,Tottenham,1,1,0.829012,1.89437,0.1213,0.2191,0.6596
106,2015-08-22 18:00:00,West Ham,Bournemouth,3,4,1.50203,2.8554,0.1041,0.1757,0.7202
107,2015-08-23 16:30:00,West Bromwich Albion,Chelsea,2,3,1.42622,2.02778,0.2216,0.2612,0.5172
108,2015-08-23 19:00:00,Everton,Manchester City,0,2,0.579338,1.57983,0.1063,0.2405,0.6532
109,2015-08-23 19:00:00,Watford,Southampton,0,0,1.17588,0.68359,0.5229,0.3118,0.1653
110,2015-08-24 23:00:00,Arsenal,Liverpool,0,0,1.83755,1.29206,0.5114,0.2628,0.2258
111,2015-08-29 15:45:00,Newcastle United,Arsenal,0,1,0.0319694,2.33948,0.002,0.0632,0.9348
112,2015-08-29 18:00:00,Stoke,West Bromwich Albion,0,1,1.21771,0.881194,0.4729,0.3248,0.2023
113,2015-08-29 18:00:00,Aston Villa,Sunderland,2,2,2.27406,0.368848,0.8747,0.1005,0.0248
114,2015-08-29 18:00:00,Bournemouth,Leicester,1,1,0.321432,0.919097,0.0747,0.3278,0.5975
115,2015-08-29 18:00:00,Chelsea,Crystal Palace,1,2,1.27906,2.19283,0.1779,0.217,0.6051
116,2015-08-29 18:00:00,Liverpool,West Ham,0,3,0.561737,0.97217,0.1978,0.3352,0.467
117,2015-08-29 18:00:00,Manchester City,Watford,2,0,1.52895,0.363603,0.7074,0.2257,0.0669
118,2015-08-29 20:30:00,Tottenham,Everton,0,0,1.99917,0.694692,0.7143,0.1943,0.0914
119,2015-08-30 16:30:00,Southampton,Norwich,3,0,2.85501,0.639434,0.9129,0.0777,0.0094
120,2015-08-30 19:00:00,Swansea,Manchester United,2,1,0.971183,1.28089,0.2526,0.3113,0.4361
121,2015-09-12 15:45:00,Everton,Chelsea,3,1,1.18026,0.656048,0.5186,0.2999,0.1815
122,2015-09-12 18:00:00,Arsenal,Stoke,2,0,4.42684,0.191277,0.9918,0.0075,0.0007
123,2015-09-12 18:00:00,Crystal Palace,Manchester City,0,1,0.743193,3.08883,0.0179,0.0647,0.9174
124,2015-09-12 18:00:00,Watford,Swansea,1,0,1.57333,0.503008,0.684,0.2293,0.0867
125,2015-09-12 18:00:00,West Bromwich Albion,Southampton,0,0,0.409143,1.00731,0.1387,0.3427,0.5186
126,2015-09-12 18:00:00,Norwich,Bournemouth,3,1,1.33151,0.389495,0.6567,0.2549,0.0884
127,2015-09-12 20:30:00,Manchester United,Liverpool,3,1,1.46206,1.02572,0.4919,0.318,0.1901
128,2015-09-13 16:30:00,Sunderland,Tottenham,0,1,1.0407,1.45615,0.2401,0.2976,0.4623
129,2015-09-13 19:00:00,Leicester,Aston Villa,3,2,1.34987,0.953181,0.455,0.3004,0.2446
130,2015-09-14 23:00:00,West Ham,Newcastle United,2,0,1.71282,0.716599,0.6555,0.233,0.1115
131,2015-09-19 15:45:00,Chelsea,Arsenal,2,0,2.0687,0.775312,0.7235,0.1909,0.0856
132,2015-09-19 18:00:00,Newcastle United,Watford,1,2,1.15114,1.33961,0.2928,0.3012,0.406
133,2015-09-19 18:00:00,Aston Villa,West Bromwich Albion,0,1,0.876719,0.632761,0.3959,0.3707,0.2334
134,2015-09-19 18:00:00,Bournemouth,Sunderland,2,0,0.644335,0.854867,0.2375,0.3629,0.3996
135,2015-09-19 18:00:00,Stoke,Leicester,2,2,1.14717,1.22582,0.3009,0.3324,0.3667
136,2015-09-19 18:00:00,Swansea,Everton,0,0,0.864868,1.77458,0.1553,0.2346,0.6101
137,2015-09-19 20:30:00,Manchester City,West Ham,1,2,2.98465,0.995273,0.8408,0.1177,0.0415
138,2015-09-20 16:30:00,Tottenham,Crystal Palace,1,0,1.01573,0.538439,0.4732,0.3412,0.1856
139,2015-09-20 19:00:00,Southampton,Manchester United,2,3,1.83663,1.65119,0.4195,0.2506,0.3299
140,2015-09-20 19:00:00,Liverpool,Norwich,1,1,1.90447,0.556271,0.7195,0.1996,0.0809
141,2015-09-26 15:45:00,Tottenham,Manchester City,4,1,2.30799,1.57842,0.5584,0.2208,0.2208
142,2015-09-26 18:00:00,Southampton,Swansea,3,1,1.55418,1.41962,0.3655,0.3128,0.3217
143,2015-09-26 18:00:00,Stoke,Bournemouth,2,1,1.94483,0.871678,0.6734,0.2181,0.1085
144,2015-09-26 18:00:00,Leicester,Arsenal,2,5,1.38516,3.89623,0.0518,0.0888,0.8594
145,2015-09-26 18:00:00,Liverpool,Aston Villa,3,2,1.78331,0.892054,0.5951,0.2444,0.1605
146,2015-09-26 18:00:00,Manchester United,Sunderland,3,0,2.8971,0.832139,0.8918,0.0905,0.0177
147,2015-09-26 18:00:00,West Ham,Norwich,2,2,2.60407,1.38603,0.6699,0.1845,0.1456
148,2015-09-26 20:30:00,Newcastle United,Chelsea,2,2,0.702109,1.30593,0.1859,0.291,0.5231
149,2015-09-27 19:00:00,Watford,Crystal Palace,0,1,0.685939,2.33566,0.0569,0.1435,0.7996
150,2015-09-28 23:00:00,West Bromwich Albion,Everton,2,3,1.27511,2.30159,0.1438,0.2157,0.6405
151,2015-10-03 15:45:00,Crystal Palace,West Bromwich Albion,2,0,1.99083,0.255528,0.8739,0.1063,0.0198
152,2015-10-03 18:00:00,Aston Villa,Stoke,0,1,0.839028,1.03499,0.2754,0.3399,0.3847
153,2015-10-03 18:00:00,Bournemouth,Watford,1,1,1.50268,0.913291,0.5344,0.2944,0.1712
154,2015-10-03 18:00:00,Manchester City,Newcastle United,6,1,3.3346,0.980279,0.8752,0.0868,0.038
155,2015-10-03 18:00:00,Norwich,Leicester,1,2,1.18074,3.00282,0.0678,0.1304,0.8018
156,2015-10-03 18:00:00,Sunderland,West Ham,2,2,1.08401,1.93656,0.1641,0.2374,0.5985
157,2015-10-03 20:30:00,Chelsea,Southampton,1,3,0.520175,1.58246,0.1026,0.2361,0.6613
158,2015-10-04 16:30:00,Everton,Liverpool,1,1,1.20063,1.30844,0.326,0.2934,0.3806
159,2015-10-04 19:00:00,Swansea,Tottenham,2,2,0.774806,1.18142,0.2346,0.3024,0.463
160,2015-10-04 19:00:00,Arsenal,Manchester United,3,0,2.16952,1.03953,0.6748,0.2088,0.1164
161,2015-10-17 15:45:00,Tottenham,Liverpool,0,0,0.586228,0.715892,0.2472,0.4004,0.3524
162,2015-10-17 18:00:00,Southampton,Leicester,2,2,1.46668,2.78648,0.1307,0.1851,0.6842
163,2015-10-17 18:00:00,West Bromwich Albion,Sunderland,1,0,2.07781,0.658473,0.8061,0.1513,0.0426
164,2015-10-17 18:00:00,Chelsea,Aston Villa,2,0,1.22875,0.795846,0.4675,0.3206,0.2119
165,2015-10-17 18:00:00,Crystal Palace,West Ham,1,3,1.08391,2.76356,0.0623,0.1503,0.7874
166,2015-10-17 18:00:00,Everton,Manchester United,0,3,0.653457,1.47853,0.1498,0.2575,0.5927
167,2015-10-17 18:00:00,Manchester City,Bournemouth,5,1,4.71274,0.173025,0.9979,0.0021,0.0
168,2015-10-17 20:30:00,Watford,Arsenal,0,3,0.254791,2.69046,0.0097,0.0629,0.9274
169,2015-10-18 19:00:00,Newcastle United,Norwich,6,2,2.24896,1.34395,0.602,0.2198,0.1782
170,2015-10-19 23:00:00,Swansea,Stoke,0,1,0.485489,1.64894,0.0635,0.2,0.7365
171,2015-10-24 18:00:00,Aston Villa,Swansea,1,2,1.09516,1.74353,0.1816,0.2666,0.5518
172,2015-10-24 18:00:00,Leicester,Crystal Palace,1,0,1.33502,0.240008,0.8261,0.1547,0.0192
173,2015-10-24 18:00:00,West Ham,Chelsea,2,1,0.77284,1.1356,0.225,0.3316,0.4434
174,2015-10-24 18:00:00,Norwich,West Bromwich Albion,0,1,1.03228,1.45436,0.222,0.2908,0.4872
175,2015-10-24 18:00:00,Stoke,Watford,0,2,0.848432,1.0403,0.2846,0.3308,0.3846
176,2015-10-24 20:30:00,Arsenal,Everton,2,1,2.55754,0.373025,0.9041,0.0765,0.0194
177,2015-10-25 16:00:00,Sunderland,Newcastle United,3,0,2.37969,1.41744,0.6564,0.2071,0.1365
178,2015-10-25 18:05:00,Bournemouth,Tottenham,1,5,0.490581,3.43313,0.0068,0.0322,0.961
179,2015-10-25 18:05:00,Manchester United,Manchester City,0,0,0.391754,0.310718,0.2594,0.5534,0.1872
180,2015-10-25 20:15:00,Liverpool,Southampton,1,1,0.682823,1.56383,0.0977,0.2344,0.6679
181,2015-10-31 16:45:00,Chelsea,Liverpool,1,3,0.735762,0.839342,0.2926,0.3688,0.3386
182,2015-10-31 19:00:00,Crystal Palace,Manchester United,0,0,0.939118,0.394404,0.5081,0.3484,0.1435
183,2015-10-31 19:00:00,Manchester City,Norwich,2,1,2.83557,1.17497,0.8173,0.1426,0.0401
184,2015-10-31 19:00:00,Newcastle United,Stoke,0,0,1.26075,1.38017,0.3105,0.2908,0.3987
185,2015-10-31 19:00:00,Swansea,Arsenal,0,3,0.264441,2.17657,0.0193,0.1095,0.8712
186,2015-10-31 19:00:00,Watford,West Ham,2,0,1.61544,0.605625,0.6357,0.2435,0.1208
187,2015-10-31 19:00:00,West Bromwich Albion,Leicester,2,3,1.50447,2.22545,0.195,0.2452,0.5598
188,2015-11-01 17:30:00,Everton,Sunderland,6,2,2.34852,1.21834,0.6652,0.1906,0.1442
189,2015-11-01 20:00:00,Southampton,Bournemouth,2,0,1.15966,0.712132,0.4914,0.3147,0.1939
190,2015-11-03 00:00:00,Tottenham,Aston Villa,3,1,1.14374,0.325711,0.5938,0.3045,0.1017
191,2015-11-07 16:45:00,Bournemouth,Newcastle United,0,1,1.00427,0.504409,0.4623,0.354,0.1837
192,2015-11-07 19:00:00,Leicester,Watford,2,1,1.56389,1.00531,0.4997,0.3379,0.1624
193,2015-11-07 19:00:00,Manchester United,West Bromwich Albion,2,0,1.2779,0.594031,0.5652,0.3248,0.11
194,2015-11-07 19:00:00,Norwich,Swansea,1,0,1.19517,0.402284,0.6144,0.2848,0.1008
195,2015-11-07 19:00:00,West Ham,Everton,1,1,0.589567,1.08814,0.1745,0.3264,0.4991
196,2015-11-07 19:00:00,Sunderland,Southampton,0,1,0.299104,1.79578,0.0343,0.1484,0.8173
197,2015-11-07 21:30:00,Stoke,Chelsea,1,0,0.825418,1.02642,0.2791,0.3323,0.3886
198,2015-11-08 17:30:00,Aston Villa,Manchester City,0,0,0.182741,1.53281,0.0255,0.168,0.8065
199,2015-11-08 20:00:00,Arsenal,Tottenham,1,1,2.01767,0.90585,0.6761,0.1989,0.125
200,2015-11-08 20:00:00,Liverpool,Crystal Palace,1,2,2.15673,0.849281,0.7015,0.1917,0.1068
201,2015-11-21 16:45:00,Watford,Manchester United,1,2,1.47077,1.30264,0.4077,0.2975,0.2948
202,2015-11-21 19:00:00,Swansea,Bournemouth,2,2,1.88526,1.58509,0.4528,0.2667,0.2805
203,2015-11-21 19:00:00,Southampton,Stoke,0,1,0.709485,1.19495,0.2046,0.3092,0.4862
204,2015-11-21 19:00:00,West Bromwich Albion,Arsenal,2,1,0.332888,2.08956,0.0257,0.1089,0.8654
205,2015-11-21 19:00:00,Newcastle United,Leicester,0,3,0.372387,3.27478,0.0047,0.0279,0.9674
206,2015-11-21 19:00:00,Everton,Aston Villa,4,0,2.83068,0.322061,0.9355,0.0534,0.0111
207,2015-11-21 19:00:00,Chelsea,Norwich,1,0,2.16487,0.202798,0.8702,0.1111,0.0187
208,2015-11-21 21:30:00,Manchester City,Liverpool,1,4,1.08612,2.61697,0.0916,0.1649,0.7435
209,2015-11-22 20:00:00,Tottenham,West Ham,4,1,3.22353,0.818937,0.8979,0.0791,0.023
210,2015-11-24 00:00:00,Crystal Palace,Sunderland,0,1,0.696183,1.30739,0.1696,0.283,0.5474
211,2015-11-28 19:00:00,Sunderland,Stoke,2,0,0.863466,0.79464,0.3156,0.367,0.3174
212,2015-11-28 19:00:00,Aston Villa,Watford,2,3,1.48969,1.45176,0.3732,0.2821,0.3447
213,2015-11-28 19:00:00,Bournemouth,Everton,3,3,1.69105,0.729005,0.6317,0.2298,0.1385
214,2015-11-28 19:00:00,Crystal Palace,Newcastle United,5,1,1.67836,0.791299,0.5981,0.2543,0.1476
215,2015-11-28 19:00:00,Manchester City,Southampton,3,1,2.12331,1.24478,0.6125,0.2333,0.1542
216,2015-11-28 21:30:00,Leicester,Manchester United,1,1,0.876256,1.05613,0.2717,0.3525,0.3758
217,2015-11-29 16:00:00,Tottenham,Chelsea,0,0,0.333494,0.283375,0.2151,0.5885,0.1964
218,2015-11-29 18:05:00,West Ham,West Bromwich Albion,1,1,1.41404,0.866305,0.4799,0.3079,0.2122
219,2015-11-29 20:15:00,Liverpool,Swansea,1,0,1.19358,0.367517,0.6697,0.2541,0.0762
220,2015-11-29 20:15:00,Norwich,Arsenal,1,1,1.01025,1.65699,0.1807,0.2772,0.5421
221,2015-12-05 16:45:00,Stoke,Manchester City,2,0,2.01436,0.483752,0.8008,0.1534,0.0458
222,2015-12-05 19:00:00,Swansea,Leicester,0,3,0.780602,2.20962,0.0979,0.1674,0.7347
223,2015-12-05 19:00:00,Watford,Norwich,2,0,2.07199,0.310524,0.8662,0.1112,0.0226
224,2015-12-05 19:00:00,West Bromwich Albion,Tottenham,1,1,1.48695,1.12876,0.4505,0.317,0.2325
225,2015-12-05 19:00:00,Arsenal,Sunderland,3,1,2.29559,1.5228,0.5667,0.2329,0.2004
226,2015-12-05 19:00:00,Manchester United,West Ham,0,0,1.76061,1.10206,0.5319,0.2566,0.2115
227,2015-12-05 19:00:00,Southampton,Aston Villa,1,1,2.86051,1.058,0.7861,0.143,0.0709
228,2015-12-05 21:30:00,Chelsea,Bournemouth,0,1,1.66952,1.25911,0.4674,0.2706,0.262
229,2015-12-06 20:00:00,Newcastle United,Liverpool,2,0,0.646346,0.999043,0.1975,0.3505,0.452
230,2015-12-08 00:00:00,Everton,Crystal Palace,1,1,1.69774,1.1905,0.5012,0.2789,0.2199
231,2015-12-12 16:45:00,Norwich,Everton,1,1,1.49283,2.43558,0.164,0.2323,0.6037
232,2015-12-12 19:00:00,Manchester City,Swansea,2,1,1.34338,0.962789,0.4645,0.2816,0.2539
233,2015-12-12 19:00:00,Sunderland,Watford,0,1,0.879474,2.0562,0.1156,0.2107,0.6737
234,2015-12-12 19:00:00,Crystal Palace,Southampton,1,0,1.31177,0.890411,0.4797,0.2971,0.2232
235,2015-12-12 19:00:00,West Ham,Stoke,0,0,1.13181,1.87239,0.1888,0.2353,0.5759
236,2015-12-12 21:30:00,Bournemouth,Manchester United,2,1,1.05032,1.96768,0.1405,0.2388,0.6207
237,2015-12-13 17:30:00,Aston Villa,Arsenal,0,2,1.00876,1.68498,0.1716,0.2615,0.5669
238,2015-12-13 20:00:00,Liverpool,West Bromwich Albion,2,2,2.12583,0.835885,0.6992,0.2027,0.0981
239,2015-12-13 20:00:00,Tottenham,Newcastle United,1,2,1.03317,1.55252,0.1837,0.2912,0.5251
240,2015-12-15 00:00:00,Leicester,Chelsea,2,1,0.708846,2.26887,0.0526,0.1514,0.796
241,2015-12-19 19:00:00,West Bromwich Albion,Bournemouth,1,2,0.698255,1.89177,0.0774,0.2036,0.719
242,2015-12-19 19:00:00,Southampton,Tottenham,0,2,0.83385,1.47453,0.178,0.2709,0.5511
243,2015-12-19 19:00:00,Stoke,Crystal Palace,1,2,2.41499,1.95347,0.4761,0.2468,0.2771
244,2015-12-19 19:00:00,Chelsea,Sunderland,3,1,3.02023,1.23573,0.8122,0.1333,0.0545
245,2015-12-19 19:00:00,Everton,Leicester,2,3,1.48982,2.02911,0.1942,0.2849,0.5209
246,2015-12-19 19:00:00,Manchester United,Norwich,1,2,1.01394,0.556897,0.4673,0.3409,0.1918
247,2015-12-19 21:30:00,Newcastle United,Aston Villa,1,1,1.28189,0.404373,0.6335,0.2673,0.0992
248,2015-12-20 17:30:00,Watford,Liverpool,3,0,1.99336,0.376313,0.8673,0.104,0.0287
249,2015-12-20 20:00:00,Swansea,West Ham,0,0,0.973378,0.401988,0.4913,0.358,0.1507
250,2015-12-22 00:00:00,Arsenal,Manchester City,2,1,1.50109,0.769378,0.5799,0.261,0.1591
251,2015-12-26 16:45:00,Stoke,Manchester United,2,0,1.18211,1.28961,0.3096,0.311,0.3794
252,2015-12-26 19:00:00,Swansea,West Bromwich Albion,1,0,1.21243,0.554583,0.6207,0.2896,0.0897
253,2015-12-26 19:00:00,Tottenham,Norwich,3,0,2.40666,0.452019,0.8655,0.1065,0.028
254,2015-12-26 19:00:00,Aston Villa,West Ham,1,1,1.61235,0.836027,0.5853,0.2727,0.142
255,2015-12-26 19:00:00,Bournemouth,Crystal Palace,0,0,0.871395,0.405181,0.4664,0.3836,0.15
256,2015-12-26 19:00:00,Chelsea,Watford,2,2,2.09356,1.667,0.4647,0.2681,0.2672
257,2015-12-26 19:00:00,Liverpool,Leicester,1,0,1.37933,0.505167,0.6019,0.2772,0.1209
258,2015-12-26 19:00:00,Manchester City,Sunderland,4,1,3.51848,1.08103,0.898,0.076,0.026
259,2015-12-26 21:30:00,Newcastle United,Everton,0,1,1.35711,1.69923,0.281,0.2713,0.4477
260,2015-12-26 23:45:00,Southampton,Arsenal,4,0,2.4303,0.83106,0.7896,0.1524,0.058
261,2015-12-28 19:00:00,West Bromwich Albion,Newcastle United,1,0,2.1039,0.456189,0.7878,0.1548,0.0574
262,2015-12-28 19:00:00,Watford,Tottenham,1,2,1.13011,0.527248,0.5728,0.3087,0.1185
263,2015-12-28 19:00:00,Norwich,Aston Villa,2,0,1.10319,0.235874,0.6386,0.2924,0.069
264,2015-12-28 19:00:00,Crystal Palace,Swansea,0,0,0.735185,0.169425,0.5035,0.4244,0.0721
265,2015-12-28 19:00:00,Everton,Stoke,3,4,2.2472,1.58159,0.5398,0.2561,0.2041
266,2015-12-28 21:30:00,Arsenal,Bournemouth,2,0,3.12958,0.343752,0.9481,0.0435,0.0084
267,2015-12-28 21:30:00,Manchester United,Chelsea,0,0,1.35213,0.900029,0.4964,0.3069,0.1967
268,2015-12-28 21:30:00,West Ham,Southampton,2,1,1.79562,1.3709,0.4794,0.2713,0.2493
269,2015-12-29 23:45:00,Leicester,Manchester City,0,0,0.810377,1.66777,0.1529,0.2457,0.6014
270,2015-12-30 23:45:00,Sunderland,Liverpool,0,1,0.481551,1.80743,0.0688,0.1947,0.7365
271,2016-01-02 16:45:00,West Ham,Liverpool,2,0,2.06737,1.86591,0.4218,0.2629,0.3153
272,2016-01-02 19:00:00,West Bromwich Albion,Stoke,2,1,1.72318,0.917526,0.5918,0.2634,0.1448
273,2016-01-02 19:00:00,Arsenal,Newcastle United,1,0,1.93025,1.15339,0.5807,0.2277,0.1916
274,2016-01-02 19:00:00,Leicester,Bournemouth,0,0,2.28506,1.2593,0.6484,0.2224,0.1292
275,2016-01-02 19:00:00,Manchester United,Swansea,2,1,1.74266,0.542907,0.6836,0.2232,0.0932
276,2016-01-02 19:00:00,Norwich,Southampton,1,0,1.50509,0.932294,0.5291,0.2772,0.1937
277,2016-01-02 19:00:00,Sunderland,Aston Villa,3,1,0.761225,0.27956,0.4432,0.4303,0.1265
278,2016-01-02 21:30:00,Watford,Manchester City,1,2,0.985368,0.692054,0.4296,0.3301,0.2403
279,2016-01-03 17:30:00,Crystal Palace,Chelsea,0,3,0.546499,2.3747,0.0296,0.1141,0.8563
280,2016-01-03 20:00:00,Everton,Tottenham,1,1,0.721603,0.75907,0.3064,0.3709,0.3227
281,2016-01-12 23:45:00,Newcastle United,Manchester United,3,3,1.81304,2.36216,0.2452,0.2462,0.5086
282,2016-01-12 23:45:00,Aston Villa,Crystal Palace,1,0,0.551973,0.547913,0.2757,0.4363,0.288
283,2016-01-12 23:45:00,Bournemouth,West Ham,1,3,0.729546,1.18455,0.1899,0.3365,0.4736
284,2016-01-13 23:45:00,Southampton,Watford,2,0,1.7224,0.11543,0.8237,0.1591,0.0172
285,2016-01-13 23:45:00,Stoke,Norwich,3,1,1.24456,0.193728,0.6995,0.2532,0.0473
286,2016-01-13 23:45:00,Swansea,Sunderland,2,4,1.06526,2.49057,0.0471,0.1615,0.7914
287,2016-01-13 23:45:00,Chelsea,West Bromwich Albion,2,2,1.38532,0.704263,0.5706,0.2724,0.157
288,2016-01-13 23:45:00,Manchester City,Everton,0,0,1.44957,0.369548,0.6669,0.2516,0.0815
289,2016-01-14 00:00:00,Liverpool,Arsenal,3,3,1.16222,2.22912,0.1365,0.1982,0.6653
290,2016-01-14 00:00:00,Tottenham,Leicester,0,1,1.2301,0.588708,0.5268,0.3044,0.1688
291,2016-01-16 16:45:00,Tottenham,Sunderland,4,1,2.02579,0.617306,0.7545,0.1805,0.065
292,2016-01-16 19:00:00,Manchester City,Crystal Palace,4,0,1.74025,0.613339,0.6974,0.2173,0.0853
293,2016-01-16 19:00:00,Newcastle United,West Ham,2,1,1.84261,1.08248,0.566,0.2425,0.1915
294,2016-01-16 19:00:00,Southampton,West Bromwich Albion,3,0,1.42623,0.410757,0.7089,0.2237,0.0674
295,2016-01-16 19:00:00,Chelsea,Everton,3,3,2.44864,1.5891,0.6084,0.2338,0.1578
296,2016-01-16 19:00:00,Bournemouth,Norwich,3,0,2.53086,0.595472,0.8615,0.1054,0.0331
297,2016-01-16 21:30:00,Aston Villa,Leicester,1,1,0.665386,2.21525,0.051,0.1399,0.8091
298,2016-01-17 18:05:00,Liverpool,Manchester United,0,1,0.952974,0.715703,0.379,0.3618,0.2592
299,2016-01-17 20:15:00,Stoke,Arsenal,0,0,0.546879,0.585841,0.2667,0.4343,0.299
300,2016-01-19 00:00:00,Swansea,Watford,1,0,0.474035,0.525478,0.2495,0.4633,0.2872
301,2016-01-23 16:45:00,Norwich,Liverpool,4,5,1.03432,1.44943,0.2233,0.3216,0.4551
302,2016-01-23 19:00:00,Crystal Palace,Tottenham,1,3,0.930792,1.74368,0.1771,0.2463,0.5766
303,2016-01-23 19:00:00,Manchester United,Southampton,0,1,0.187217,0.83591,0.0676,0.3885,0.5439
304,2016-01-23 19:00:00,Leicester,Stoke,3,0,2.25906,0.340483,0.8687,0.1115,0.0198
305,2016-01-23 19:00:00,West Bromwich Albion,Aston Villa,0,0,0.23184,0.562461,0.1251,0.5024,0.3725
306,2016-01-23 19:00:00,Sunderland,Bournemouth,1,1,0.612134,1.26851,0.1541,0.2939,0.552
307,2016-01-23 19:00:00,Watford,Newcastle United,2,1,2.58707,1.29267,0.6936,0.1839,0.1225
308,2016-01-23 21:30:00,West Ham,Manchester City,2,2,1.01267,1.73182,0.1649,0.2729,0.5622
309,2016-01-24 17:30:00,Everton,Swansea,1,2,1.94094,1.08055,0.5925,0.2715,0.136
310,2016-01-24 20:00:00,Arsenal,Chelsea,0,1,1.10907,1.48778,0.2445,0.2932,0.4623
311,2016-02-02 23:45:00,Arsenal,Southampton,0,0,3.38487,0.93405,0.8857,0.0828,0.0315
312,2016-02-02 23:45:00,Leicester,Liverpool,2,0,1.34566,0.580791,0.6,0.271,0.129
313,2016-02-02 23:45:00,Norwich,Tottenham,0,3,0.929319,2.75469,0.0469,0.1271,0.826
314,2016-02-02 23:45:00,Sunderland,Manchester City,0,1,0.888437,0.638461,0.3784,0.3829,0.2387
315,2016-02-02 23:45:00,West Ham,Aston Villa,2,0,2.34619,0.107888,0.9456,0.0506,0.0038
316,2016-02-03 00:00:00,Crystal Palace,Bournemouth,1,2,1.62395,1.17427,0.484,0.2782,0.2378
317,2016-02-03 00:00:00,Manchester United,Stoke,3,0,2.45272,0.350909,0.8985,0.0829,0.0186
318,2016-02-03 00:00:00,West Bromwich Albion,Swansea,1,1,2.30645,1.17928,0.667,0.1986,0.1344
319,2016-02-03 23:45:00,Everton,Newcastle United,3,0,2.48447,0.626239,0.8645,0.1082,0.0273
320,2016-02-03 23:45:00,Watford,Chelsea,0,0,0.531415,1.13694,0.1544,0.313,0.5326
321,2016-02-06 16:45:00,Manchester City,Leicester,1,3,1.70719,2.50168,0.2193,0.2132,0.5675
322,2016-02-06 19:00:00,Newcastle United,West Bromwich Albion,1,0,2.41057,0.472556,0.8488,0.1166,0.0346
323,2016-02-06 19:00:00,Stoke,Everton,0,3,0.693548,3.05913,0.0284,0.0805,0.8911
324,2016-02-06 19:00:00,Tottenham,Watford,1,0,2.00475,0.149839,0.8571,0.1263,0.0166
325,2016-02-06 19:00:00,Swansea,Crystal Palace,1,1,1.32136,1.01465,0.4121,0.3042,0.2837
326,2016-02-06 19:00:00,Aston Villa,Norwich,2,0,0.918291,1.1413,0.2751,0.3144,0.4105
327,2016-02-06 19:00:00,Liverpool,Sunderland,2,2,1.57712,0.491843,0.6829,0.2273,0.0898
328,2016-02-06 21:30:00,Southampton,West Ham,1,0,1.06493,0.970583,0.3839,0.3199,0.2962
329,2016-02-07 17:30:00,Bournemouth,Arsenal,0,2,0.584316,1.13957,0.171,0.3165,0.5125
330,2016-02-07 20:00:00,Chelsea,Manchester United,1,1,1.61554,0.780475,0.603,0.2449,0.1521
331,2016-02-13 16:45:00,Sunderland,Manchester United,2,1,1.48186,0.908296,0.5111,0.2694,0.2195
332,2016-02-13 19:00:00,Swansea,Southampton,0,1,0.699012,1.19353,0.2038,0.3107,0.4855
333,2016-02-13 19:00:00,Norwich,West Ham,2,2,1.03362,0.741428,0.4293,0.3326,0.2381
334,2016-02-13 19:00:00,Everton,West Bromwich Albion,0,1,1.82912,1.1974,0.5109,0.2919,0.1972
335,2016-02-13 19:00:00,Crystal Palace,Watford,1,2,0.983946,1.99728,0.1024,0.2248,0.6728
336,2016-02-13 19:00:00,Bournemouth,Stoke,1,3,1.19427,0.927348,0.4243,0.3188,0.2569
337,2016-02-13 21:30:00,Chelsea,Newcastle United,5,1,2.0858,0.430664,0.8205,0.1398,0.0397
338,2016-02-14 16:00:00,Arsenal,Leicester,2,1,2.36319,1.31246,0.6167,0.226,0.1573
339,2016-02-14 18:05:00,Aston Villa,Liverpool,0,6,0.174868,2.00756,0.0134,0.1023,0.8843
340,2016-02-14 20:15:00,Manchester City,Tottenham,1,2,1.97876,1.23517,0.5529,0.2744,0.1727
341,2016-02-27 16:45:00,West Ham,Sunderland,1,0,0.52387,1.07887,0.1598,0.3332,0.507
342,2016-02-27 19:00:00,Watford,Bournemouth,0,0,1.00481,0.955252,0.3398,0.3331,0.3271
343,2016-02-27 19:00:00,Leicester,Norwich,1,0,1.7645,0.814784,0.6639,0.2299,0.1062
344,2016-02-27 19:00:00,Southampton,Chelsea,1,2,1.01074,0.631036,0.4643,0.3336,0.2021
345,2016-02-27 19:00:00,Stoke,Aston Villa,2,1,2.04047,0.414343,0.8681,0.1145,0.0174
346,2016-02-27 21:30:00,West Bromwich Albion,Crystal Palace,3,2,2.07488,1.21638,0.6115,0.2385,0.15
347,2016-02-28 18:05:00,Tottenham,Swansea,2,1,3.57325,1.24938,0.8519,0.0974,0.0507
348,2016-02-28 18:05:00,Manchester United,Arsenal,3,2,1.09522,1.5435,0.2349,0.2833,0.4818
349,2016-03-01 23:45:00,Aston Villa,Everton,1,3,0.60177,2.63668,0.0406,0.1041,0.8553
350,2016-03-01 23:45:00,Bournemouth,Southampton,2,0,1.41228,0.954161,0.4826,0.3075,0.2099
351,2016-03-01 23:45:00,Leicester,West Bromwich Albion,2,2,3.04626,1.29485,0.7895,0.1435,0.067
352,2016-03-01 23:45:00,Sunderland,Crystal Palace,2,2,0.93375,0.887448,0.3515,0.3282,0.3203
353,2016-03-01 23:45:00,Norwich,Chelsea,1,2,1.24159,0.980988,0.4305,0.3041,0.2654
354,2016-03-02 23:45:00,West Ham,Tottenham,1,0,0.784319,1.22673,0.199,0.2961,0.5049
355,2016-03-02 23:45:00,Arsenal,Swansea,1,2,1.4928,1.69788,0.2983,0.2716,0.4301
356,2016-03-02 23:45:00,Stoke,Newcastle United,1,0,0.298318,0.270782,0.2002,0.614,0.1858
357,2016-03-03 00:00:00,Liverpool,Manchester City,3,0,1.16781,0.180318,0.6854,0.2704,0.0442
358,2016-03-03 00:00:00,Manchester United,Watford,1,0,0.786278,2.16484,0.0969,0.1716,0.7315
359,2016-03-05 16:45:00,Tottenham,Arsenal,2,2,1.88378,0.543157,0.7353,0.1861,0.0786
360,2016-03-05 19:00:00,Southampton,Sunderland,1,1,1.54587,1.31562,0.4147,0.2789,0.3064
361,2016-03-05 19:00:00,Swansea,Norwich,1,0,0.545937,0.580126,0.2762,0.4246,0.2992
362,2016-03-05 19:00:00,Chelsea,Stoke,1,1,1.0615,1.60285,0.2301,0.2578,0.5121
363,2016-03-05 19:00:00,Everton,West Ham,2,3,2.09025,2.72091,0.2512,0.2213,0.5275
364,2016-03-05 19:00:00,Manchester City,Aston Villa,4,0,2.83271,0.121136,0.9594,0.0378,0.0028
365,2016-03-05 19:00:00,Newcastle United,Bournemouth,1,3,0.833931,1.26853,0.2406,0.2977,0.4617
366,2016-03-05 21:30:00,Watford,Leicester,0,1,0.829318,1.47042,0.1857,0.2834,0.5309
367,2016-03-06 17:30:00,Crystal Palace,Liverpool,1,2,1.43901,2.27087,0.1751,0.2328,0.5921
368,2016-03-06 20:00:00,West Bromwich Albion,Manchester United,1,0,0.565787,0.417622,0.3171,0.4628,0.2201
369,2016-03-12 16:45:00,Norwich,Manchester City,0,0,0.139743,0.557373,0.0732,0.5371,0.3897
370,2016-03-12 19:00:00,Stoke,Southampton,1,2,1.06676,0.874966,0.4052,0.3218,0.273
371,2016-03-12 19:00:00,Bournemouth,Swansea,3,2,0.70756,1.09562,0.2141,0.3125,0.4734
372,2016-03-13 20:00:00,Aston Villa,Tottenham,0,2,1.84022,2.00141,0.3505,0.2544,0.3951
373,2016-03-14 00:00:00,Leicester,Newcastle United,1,0,0.846771,0.518715,0.4128,0.3765,0.2107
374,2016-03-19 16:45:00,Everton,Arsenal,0,2,0.58617,1.92384,0.0621,0.1765,0.7614
375,2016-03-19 19:00:00,Crystal Palace,Leicester,0,1,0.784339,1.20315,0.2303,0.3048,0.4649
376,2016-03-19 19:00:00,Chelsea,West Ham,2,2,2.1406,0.862828,0.7106,0.188,0.1014
377,2016-03-19 19:00:00,Watford,Stoke,1,2,0.879462,1.58145,0.1641,0.2743,0.5616
378,2016-03-19 19:00:00,West Bromwich Albion,Norwich,0,1,0.332789,0.799255,0.1296,0.3914,0.479
379,2016-03-19 21:30:00,Swansea,Aston Villa,1,0,0.490469,0.730828,0.2134,0.4131,0.3735
380,2016-03-20 17:30:00,Southampton,Liverpool,3,2,1.56873,1.29046,0.4416,0.28,0.2784
381,2016-03-20 17:30:00,Newcastle United,Sunderland,1,1,0.940593,0.785017,0.3775,0.34,0.2825
382,2016-03-20 20:00:00,Manchester City,Manchester United,0,1,1.86249,0.900312,0.6074,0.2416,0.151
383,2016-03-20 20:00:00,Tottenham,Bournemouth,3,0,2.02694,0.120366,0.894,0.0965,0.0095
384,2016-04-02 15:45:00,Aston Villa,Chelsea,0,4,0.72512,2.49358,0.0442,0.1162,0.8396
385,2016-04-02 18:00:00,Arsenal,Watford,4,0,3.00742,0.290619,0.9558,0.0384,0.0058
386,2016-04-02 18:00:00,Bournemouth,Manchester City,0,4,1.3239,0.868303,0.4982,0.2815,0.2203
387,2016-04-02 18:00:00,Norwich,Newcastle United,3,2,1.65216,1.46835,0.4074,0.2903,0.3023
388,2016-04-02 18:00:00,Stoke,Swansea,2,2,1.17598,0.4319,0.6017,0.289,0.1093
389,2016-04-02 18:00:00,Sunderland,West Bromwich Albion,0,0,1.54544,0.0635563,0.7948,0.1948,0.0104
390,2016-04-02 18:00:00,West Ham,Crystal Palace,2,2,1.71369,1.65593,0.372,0.2703,0.3577
391,2016-04-02 20:30:00,Liverpool,Tottenham,1,1,1.37954,1.23579,0.3938,0.2732,0.333
392,2016-04-03 16:30:00,Leicester,Southampton,1,0,1.38701,0.670068,0.5671,0.2844,0.1485
393,2016-04-03 19:00:00,Manchester United,Everton,1,0,0.998692,0.755625,0.4179,0.3492,0.2329
394,2016-04-09 15:45:00,West Ham,Arsenal,3,3,1.10973,1.46966,0.2672,0.2662,0.4666
395,2016-04-09 18:00:00,Watford,Everton,1,1,0.408379,1.59979,0.0705,0.2082,0.7213
396,2016-04-09 18:00:00,Southampton,Newcastle United,3,1,1.78477,0.165982,0.8328,0.1432,0.024
397,2016-04-09 18:00:00,Swansea,Chelsea,1,0,1.9071,1.3003,0.5249,0.2659,0.2092
398,2016-04-09 18:00:00,Aston Villa,Bournemouth,1,2,0.220872,1.0038,0.0717,0.3483,0.58
399,2016-04-09 18:00:00,Crystal Palace,Norwich,1,0,1.45029,0.675663,0.592,0.2654,0.1426
400,2016-04-09 20:30:00,Manchester City,West Bromwich Albion,2,1,2.07325,1.09413,0.6542,0.2287,0.1171
401,2016-04-10 16:30:00,Sunderland,Leicester,0,2,0.872232,2.60072,0.0576,0.1406,0.8018
402,2016-04-10 19:00:00,Tottenham,Manchester United,3,0,1.79647,0.341238,0.7806,0.1721,0.0473
403,2016-04-10 19:00:00,Liverpool,Stoke,4,1,2.21484,0.85508,0.7428,0.1704,0.0868
404,2016-04-13 23:00:00,Crystal Palace,Everton,0,0,1.59025,0.759269,0.5854,0.2516,0.163
405,2016-04-16 15:45:00,Norwich,Sunderland,0,3,1.09006,1.99748,0.1464,0.228,0.6256
406,2016-04-16 18:00:00,Manchester United,Aston Villa,1,0,1.09127,0.262427,0.6032,0.3146,0.0822
407,2016-04-16 18:00:00,Everton,Southampton,1,1,0.318721,1.38323,0.0721,0.2592,0.6687
408,2016-04-16 18:00:00,Newcastle United,Swansea,3,0,1.5024,0.787081,0.5735,0.2656,0.1609
409,2016-04-16 18:00:00,West Bromwich Albion,Watford,0,1,2.2915,0.364852,0.8984,0.0836,0.018
410,2016-04-16 20:30:00,Chelsea,Manchester City,0,3,0.487715,2.62768,0.0231,0.081,0.8959
411,2016-04-17 16:30:00,Leicester,West Ham,2,2,1.95296,1.56819,0.4751,0.2838,0.2411
412,2016-04-17 16:30:00,Bournemouth,Liverpool,1,2,0.85914,1.81443,0.1384,0.2284,0.6332
413,2016-04-17 19:00:00,Arsenal,Crystal Palace,1,1,1.73461,0.275806,0.7641,0.1886,0.0473
414,2016-04-18 23:00:00,Stoke,Tottenham,0,4,0.458376,2.89775,0.0203,0.0793,0.9004
415,2016-04-19 22:45:00,Newcastle United,Manchester City,1,1,0.455246,0.522043,0.2521,0.4631,0.2848
416,2016-04-20 22:45:00,West Ham,Watford,3,1,3.96294,1.22333,0.9281,0.055,0.0169
417,2016-04-20 23:00:00,Manchester United,Crystal Palace,2,0,1.46607,0.137416,0.8173,0.1625,0.0202
418,2016-04-20 23:00:00,Liverpool,Everton,4,0,3.24472,0.0886329,0.9664,0.0314,0.0022
419,2016-04-21 22:45:00,Arsenal,West Bromwich Albion,2,0,1.37348,0.839742,0.4846,0.305,0.2104
420,2016-04-23 15:45:00,Manchester City,Stoke,4,0,2.22482,1.09174,0.6826,0.1953,0.1221
421,2016-04-23 18:00:00,Aston Villa,Southampton,2,4,1.47192,3.6648,0.0697,0.1061,0.8242
422,2016-04-23 18:00:00,Bournemouth,Chelsea,1,4,0.575087,2.07192,0.0702,0.1646,0.7652
423,2016-04-23 18:00:00,Liverpool,Newcastle United,2,2,0.712881,0.253033,0.4419,0.4427,0.1154
424,2016-04-24 17:05:00,Sunderland,Arsenal,0,0,0.617149,0.97303,0.2275,0.345,0.4275
425,2016-04-24 19:15:00,Leicester,Swansea,4,0,3.31579,0.576457,0.9598,0.0341,0.0061
426,2016-04-25 23:00:00,Tottenham,West Bromwich Albion,1,1,1.26346,0.894413,0.4449,0.3018,0.2533
427,2016-04-30 18:00:00,Stoke,Sunderland,1,1,0.68487,1.43105,0.1341,0.2734,0.5925
428,2016-04-30 18:00:00,Newcastle United,Crystal Palace,1,0,0.53407,1.05079,0.1357,0.3261,0.5382
429,2016-04-30 18:00:00,Everton,Bournemouth,2,1,0.95281,1.42599,0.2267,0.2866,0.4867
430,2016-04-30 18:00:00,Watford,Aston Villa,3,2,1.36255,0.491793,0.5973,0.2809,0.1218
431,2016-04-30 18:00:00,West Bromwich Albion,West Ham,0,3,1.5346,1.27183,0.4153,0.3091,0.2756
432,2016-04-30 20:30:00,Arsenal,Norwich,1,0,0.781508,0.578781,0.3665,0.392,0.2415
433,2016-05-01 15:00:00,Swansea,Liverpool,3,1,2.31862,0.776186,0.7697,0.1641,0.0662
434,2016-05-01 17:05:00,Manchester United,Leicester,1,1,1.18462,1.16622,0.3522,0.287,0.3608
435,2016-05-01 19:30:00,Southampton,Manchester City,4,2,2.84362,1.12719,0.814,0.1401,0.0459
436,2016-05-02 23:00:00,Chelsea,Tottenham,2,2,0.81661,1.90407,0.1027,0.2163,0.681
437,2016-05-07 15:45:00,Norwich,Manchester United,0,1,1.36825,1.48344,0.3319,0.2787,0.3894
438,2016-05-07 18:00:00,Crystal Palace,Stoke,2,1,1.31448,1.27766,0.3608,0.2966,0.3426
439,2016-05-07 18:00:00,West Ham,Swansea,1,4,2.39454,2.47265,0.3543,0.257,0.3887
440,2016-05-07 18:00:00,Aston Villa,Newcastle United,0,0,0.0312154,1.09626,0.0097,0.2869,0.7034
441,2016-05-07 18:00:00,Bournemouth,West Bromwich Albion,1,1,0.814964,1.34282,0.1747,0.3058,0.5195
442,2016-05-07 18:00:00,Sunderland,Chelsea,3,2,0.773876,1.77677,0.1323,0.2196,0.6481
443,2016-05-07 20:30:00,Leicester,Everton,3,1,4.50525,1.30184,0.9249,0.0535,0.0216
444,2016-05-08 16:30:00,Tottenham,Southampton,1,2,2.55547,1.30812,0.6943,0.1938,0.1119
445,2016-05-08 19:00:00,Liverpool,Watford,2,0,2.38919,0.930803,0.7358,0.1675,0.0967
446,2016-05-08 19:00:00,Manchester City,Arsenal,2,2,0.75375,1.08084,0.2304,0.3122,0.4574
447,2016-05-10 23:30:00,West Ham,Manchester United,3,2,2.13311,0.635987,0.7557,0.1832,0.0611
448,2016-05-11 22:45:00,Norwich,Watford,4,2,2.41871,1.7686,0.5392,0.2364,0.2244
449,2016-05-11 22:45:00,Sunderland,Everton,3,0,2.44887,1.16563,0.7137,0.1909,0.0954
450,2016-05-11 23:00:00,Liverpool,Chelsea,1,1,1.83934,0.812268,0.6351,0.2204,0.1445
451,2016-05-15 18:00:00,Arsenal,Aston Villa,4,0,3.40207,0.222731,0.9677,0.0283,0.004
452,2016-05-15 18:00:00,Chelsea,Leicester,1,1,1.86065,1.23491,0.5337,0.254,0.2123
453,2016-05-15 18:00:00,Everton,Norwich,3,0,2.40775,0.43016,0.8762,0.0991,0.0247
454,2016-05-15 18:00:00,Newcastle United,Tottenham,5,1,2.42808,0.869082,0.7615,0.1586,0.0799
455,2016-05-15 18:00:00,Southampton,Crystal Palace,4,1,2.32278,1.24857,0.6471,0.2062,0.1467
456,2016-05-15 18:00:00,Stoke,West Ham,2,1,0.288737,2.94489,0.0079,0.0486,0.9435
457,2016-05-15 18:00:00,Swansea,Manchester City,1,1,0.115604,2.04003,0.0059,0.0703,0.9238
458,2016-05-15 18:00:00,Watford,Sunderland,2,2,1.95277,0.908817,0.6536,0.2276,0.1188
459,2016-05-15 18:00:00,West Bromwich Albion,Liverpool,1,1,1.86869,0.419877,0.81,0.1498,0.0402
460,2016-05-17 23:00:00,Manchester United,Bournemouth,3,1,1.72109,0.503471,0.7221,0.2007,0.0772
